﻿<msu:case xmlns="http://umms.fms.gov.ru/replication/core" xmlns:mc="http://umms.fms.gov.ru/replication/migration" schemaVersion="1.0" xmlns:msu="http://umms.fms.gov.ru/replication/migration/staying/unreg"><uid>E5A53A35-BB17-4BB4-92D1-92A5464AEEBC</uid><requestId>E5A53A35-BB17-4BB4-92D1-92A5464AEEBC</requestId><supplierInfo>7400000008002161</supplierInfo><subdivision><type>officialOrgan.fms</type><element>142441</element></subdivision><employee><ummsId>9437</ummsId></employee><date>2024-04-24T07:50:48</date><number>243079</number><mc:regCaseUid>1AF70B28-291D-43C1-AF56-37CBE05BBBF9</mc:regCaseUid><mc:unregDate>2024-04-24T00:00:00</mc:unregDate><mc:reason><type>mig.StayingRemovalReason</type><element>139363</element></mc:reason></msu:case>