﻿<msu:case xmlns="http://umms.fms.gov.ru/replication/core" xmlns:mc="http://umms.fms.gov.ru/replication/migration" schemaVersion="1.0" xmlns:msu="http://umms.fms.gov.ru/replication/migration/staying/unreg"><uid>407DE9D1-7495-45A3-9E7D-C01198C8E57D</uid><requestId>407DE9D1-7495-45A3-9E7D-C01198C8E57D</requestId><supplierInfo>7400000008002161</supplierInfo><subdivision><type>officialOrgan.fms</type><element>142441</element></subdivision><employee><ummsId>9437</ummsId></employee><date>2024-04-23T15:09:51</date><number>242832</number><mc:regCaseUid>5539475C-D8AF-4B6D-BE6F-031C00AF8D05</mc:regCaseUid><mc:unregDate>2024-04-23T00:00:00</mc:unregDate><mc:reason><type>mig.StayingRemovalReason</type><element>139363</element></mc:reason></msu:case>