﻿<msu:case xmlns="http://umms.fms.gov.ru/replication/core" xmlns:mc="http://umms.fms.gov.ru/replication/migration" schemaVersion="1.0" xmlns:msu="http://umms.fms.gov.ru/replication/migration/staying/unreg"><uid>6E934E5E-9ADE-41E1-AB32-0E347EECD505</uid><requestId>6E934E5E-9ADE-41E1-AB32-0E347EECD505</requestId><supplierInfo>7400000008002161</supplierInfo><subdivision><type>officialOrgan.fms</type><element>142441</element></subdivision><employee><ummsId>9437</ummsId></employee><date>2024-04-24T07:43:13</date><number>242831</number><mc:regCaseUid>D1D1E465-92D8-49F2-846F-D2249EBEBAD0</mc:regCaseUid><mc:unregDate>2024-04-24T00:00:00</mc:unregDate><mc:reason><type>mig.StayingRemovalReason</type><element>139363</element></mc:reason></msu:case>