﻿<msu:case xmlns="http://umms.fms.gov.ru/replication/core" xmlns:mc="http://umms.fms.gov.ru/replication/migration" schemaVersion="1.0" xmlns:msu="http://umms.fms.gov.ru/replication/migration/staying/unreg"><uid>B0B1E15F-80B6-4026-8EB4-26626EF67DC4</uid><requestId>B0B1E15F-80B6-4026-8EB4-26626EF67DC4</requestId><supplierInfo>7400000008002161</supplierInfo><subdivision><type>officialOrgan.fms</type><element>142441</element></subdivision><employee><ummsId>9437</ummsId></employee><date>2024-04-24T07:43:12</date><number>242887</number><mc:regCaseUid>E72335EA-A07F-4A23-BD10-1CA29618C81C</mc:regCaseUid><mc:unregDate>2024-04-24T00:00:00</mc:unregDate><mc:reason><type>mig.StayingRemovalReason</type><element>139363</element></mc:reason></msu:case>