﻿<msu:case xmlns="http://umms.fms.gov.ru/replication/core" xmlns:mc="http://umms.fms.gov.ru/replication/migration" schemaVersion="1.0" xmlns:msu="http://umms.fms.gov.ru/replication/migration/staying/unreg"><uid>429563D2-D1D2-453B-90C6-92CC8EA9A5F1</uid><requestId>429563D2-D1D2-453B-90C6-92CC8EA9A5F1</requestId><supplierInfo>7400000008002161</supplierInfo><subdivision><type>officialOrgan.fms</type><element>142441</element></subdivision><employee><ummsId>9437</ummsId></employee><date>2024-04-24T08:54:34</date><number>243078</number><mc:regCaseUid>527C9E6C-D911-42A6-AABE-406690B3BC82</mc:regCaseUid><mc:unregDate>2024-04-24T00:00:00</mc:unregDate><mc:reason><type>mig.StayingRemovalReason</type><element>139363</element></mc:reason></msu:case>