﻿<msu:case xmlns="http://umms.fms.gov.ru/replication/core" xmlns:mc="http://umms.fms.gov.ru/replication/migration" schemaVersion="1.0" xmlns:msu="http://umms.fms.gov.ru/replication/migration/staying/unreg"><uid>E516714B-7293-4F78-94C3-B7FF43C82CE6</uid><requestId>E516714B-7293-4F78-94C3-B7FF43C82CE6</requestId><supplierInfo>7400000008002161</supplierInfo><subdivision><type>officialOrgan.fms</type><element>142441</element></subdivision><employee><ummsId>9437</ummsId></employee><date>2024-04-23T15:11:04</date><number>242833</number><mc:regCaseUid>2CD428F0-398C-48B2-97F5-F57D033FDB08</mc:regCaseUid><mc:unregDate>2024-04-23T00:00:00</mc:unregDate><mc:reason><type>mig.StayingRemovalReason</type><element>139363</element></mc:reason></msu:case>