﻿<msu:case xmlns="http://umms.fms.gov.ru/replication/core" xmlns:mc="http://umms.fms.gov.ru/replication/migration" schemaVersion="1.0" xmlns:msu="http://umms.fms.gov.ru/replication/migration/staying/unreg"><uid>DA511217-3BC6-4B54-AFEF-81FD757A7E53</uid><requestId>DA511217-3BC6-4B54-AFEF-81FD757A7E53</requestId><supplierInfo>7400000008002161</supplierInfo><subdivision><type>officialOrgan.fms</type><element>142441</element></subdivision><employee><ummsId>9437</ummsId></employee><date>2024-04-22T09:49:27</date><number>242448</number><mc:regCaseUid>73899ABE-A804-4C2F-9045-01C6D3B82B77</mc:regCaseUid><mc:unregDate>2024-04-22T00:00:00</mc:unregDate><mc:reason><type>mig.StayingRemovalReason</type><element>139363</element></mc:reason></msu:case>