﻿<msu:case xmlns="http://umms.fms.gov.ru/replication/core" xmlns:mc="http://umms.fms.gov.ru/replication/migration" schemaVersion="1.0" xmlns:msu="http://umms.fms.gov.ru/replication/migration/staying/unreg"><uid>2B965BB3-E1A5-42DB-ABB9-A9132D9E68E6</uid><requestId>2B965BB3-E1A5-42DB-ABB9-A9132D9E68E6</requestId><supplierInfo>7400000008002161</supplierInfo><subdivision><type>officialOrgan.fms</type><element>142441</element></subdivision><employee><ummsId>9437</ummsId></employee><date>2024-04-25T07:18:38</date><number>243196</number><mc:regCaseUid>6C5D434E-502A-46D1-8BDD-9E54A60010AD</mc:regCaseUid><mc:unregDate>2024-04-25T00:00:00</mc:unregDate><mc:reason><type>mig.StayingRemovalReason</type><element>139363</element></mc:reason></msu:case>